Заголовок;Ссылка
Скидки 40%;https://www.mvideo.ru/promo/skidki-na-tovary-s-istekayushchim-srokom-godnosti-pravila?from=hub
Выбирай с умом!;https://www.mvideo.ru/umnyj-dom?from=hub
Скидки на сервис;https://www.mvideo.ru/promo/skidki-na-uslugi-servisa-mark200430079?from=hub
Скидки на стиральные машины;https://www.mvideo.ru/promo/skidki-na-stiralnye-mashiny-mark199208913?from=hub
Уход за одеждой;https://www.mvideo.ru/promo/skidki-do-40-na-uhod-za-odezhdoi-mark200473000?from=hub
Выгода до 40%;https://www.mvideo.ru/promo/skidki-do-40-na-pylesosy-mark200723611?from=hub
Суперцены для новосёлов!;https://www.mvideo.ru/promo/skidka-dlya-novoselov?from=hub
Скидка 10% на чехол;https://www.mvideo.ru/promo/skidka-na-chekhol-pri-pokupke-smartfona?from=hub
Доставка и установка в один день;https://www.mvideo.ru/promo/dostavka-i-ustanovka-v-odin-den-mark202754105?from=hub
Оставь отзыв;https://www.mvideo.ru/promo/ostav-otziv?from=hb
Скидка 15% на кронштейн;https://www.mvideo.ru/promo/skidka-na-kronshtein-pri-pokupke-tv-mark199215963?from=hub
Скидки на телевизоры;https://www.mvideo.ru/promo/skidki-na-televizory-mark201204059?from=hub
Скидка 20% на услугу;https://www.mvideo.ru/promo/skidka-na-uslugu-pri-pokupke-smart-chasov-i-fotoapparatov-mark198602184?from=hub
Персональная страховка для техники;https://www.mvideo.ru/promo/soberi-sobstvennuyu-zashchitu-dlya-svoej-tekhniki?from=hub
Скидки до 20% на PlayStation Plus;https://www.mvideo.ru/promo/skidki-do-20-na-playstation-plus-pri-pokupke-konsoli-playstation?from=hub
Скидка 20% на сетевой фильтр или удлинитель;https://www.mvideo.ru/promo/skidka-20-na-setevoi-filtr-ili-udlinitel-mark200030713?from=hub
Суперцены на кухонную мебель;https://www.mvideo.ru/promo/kuhonnaya-mebel-po-vygodnym-cenam?from=hub
Скидка на ОС Windows и Uncom;https://www.mvideo.ru/promo/operacionnaya-sistema-uncom-os-home-v-podarok-pri-pokupke-noutbuka-mark204037596?from=hub
Покупай сейчас плати потом;https://www.mvideo.ru/promo/plati-potom
Экспресс-доставка!;https://www.mvideo.ru/promotion/bystraya-dostavka?from=hub
Подарочные карты;https://www.mvideo.ru/promo/podarochnye-karty?from=hub
Аксессуары для IPHONE 15;https://www.mvideo.ru/promo/aksessuary-dlya-iphone-15-mark207374295?from=hub
Чёрная Пятница;https://www.mvideo.ru/promo/chernaya-pyatnica-skidki-do-80-na-servisy-mark209063687?from=hub
Доставка и установка крупной техники;https://www.mvideo.ru/promo/dostavka-i-ustanovka-krupnoi-tehniki-za-nash-schet-mark190200766?from=hub
Устройство для восстановления волос;https://www.mvideo.ru/promo/ustrojstvo-dlya-vosstanovleniya-volos-rowenta-hair-therapist?from=hub
Скидки на игровые товары;https://www.mvideo.ru/promo/bud-v-igre-mark178009426?from=hub
Складные смартфоны;https://www.mvideo.ru/promo/flip-fold?from=hub
Назад в прошлое;https://www.mvideo.ru/promo/retrokonsoli-po-supercenam?from=hub
Фены Laifen;https://www.mvideo.ru/promo/feny-laifen?from=hub
Скидки на музыкальные колонки Vipe;https://www.mvideo.ru/promo/skidki-na-muzykalnye-kolonki-vipe?from=hub
Всё для геймеров;https://www.mvideo.ru/mgame?from=hub
Телевизоры Carrera №504 и №554;https://www.mvideo.ru/promo/televizori-carrera-504-i-554?from=hub
Cкидка 5% по карте москвича;https://www.mvideo.ru/promo/skidki-po-karte-moskvicha?from=hub
Старт продаж;https://www.mvideo.ru/promo/ps5slim?from=hub
Все новинки;https://www.mvideo.ru/promo/igrovye-novinki-v-m-video-mark117410163?from=hub
Гарантия лучшей цены;https://www.mvideo.ru/snizim-cenu?from=hub
Выгода до 50%;https://www.mvideo.ru/promo/skidki-na-tovary-dlya-krasoty?from=hub
Стиральная машина Carrera;https://www.mvideo.ru/product-list-page?q=%D1%81%D1%82%D0%B8%D1%80%D0%B0%D0%BB%D1%8C%D0%BD%D0%B0%D1%8F+%D0%BC%D0%B0%D1%88%D0%B8%D0%BD%D0%B0+carrera?from=hub
Смартфон по подписке;https://www.mvideo.ru/promo/smartfon-po-podpiske?from=hub
Новые умные устройства Яндекса;https://www.mvideo.ru/promo/novye-umnye-ustrojstva-yandex?from=hub
Игровые консоли Xbox;https://www.mvideo.ru/promo/igrovye-konsoli-xbox?from=hub
Аксессуар от 10 ₽;https://www.mvideo.ru/promo/aksessuar-za-10-rublej?from=hub
Скидка 20% на геймпад;https://www.mvideo.ru/promo/skidka-na-geimpad-pri-pokupke-konsoli-playstation-5?from=hub
Каскадные скидки до 20% на игры;https://www.mvideo.ru/promo/kaskadnye-skidki-na-igry-pri-pokupke-konsoli-playstation-5?from=hub
Скидки до 2 000 ₽ на сервисный пакет;https://www.mvideo.ru/promo/skidki-na-servisnyj-paket-pri-pokupke-pk-ili-ofisnoj-tekhniki?from=hub
Обменяй свой смартфон или планшет;https://www.mvideo.ru/promo/trade-in?from=hub
Аудиотехника по суперценам;https://www.mvideo.ru/promo/rasprodazha-audiotehniki-mark201813865?from=hub
Скидка до 30% на подписку Game Pass;https://www.mvideo.ru/promo/skidka-na-podpisku-xbox-microsoft-game-pass-pri-pokupke-konsoli-xbox?from=hub
Скидка до 15% на комплект;https://www.mvideo.ru/promo/skidka-na-stiralnuyu-i-sushilnuyu-mashinu-beko-pri-pokupke-v-komplekte?from=hub
Мобильные операторы;https://www.mvideo.ru/promo/mobilnye-operatory-tarify-i-oformlenie-sim-kart?from=hub
Скидки до 20% для юридических лиц;https://www.mvideo.ru/promo/skidki-dlya-yuridicheskih-lic?from=hub
М.Рассрочка + 20% кешбэк;https://www.mvideo.ru/promo/m-rassrochka?from=hub
Скидки на электроинструменты;https://www.mvideo.ru/promo/skidka-na-elektroinstrumenty-mark209733674?from=hub
Бытовая техника с выгодой;https://www.mvideo.ru/promo/skidka-na-komplekt-kbt?from=hub
Скидка до 60% на сковороды Hi;https://www.mvideo.ru/promo/skidka-na-skovorodi-hi?from=hub
Экотакси;https://www.mvideo.ru/promo/ekotaksi?from=hub
Скидка 50% на гриль-панель;https://www.mvideo.ru/promo/skidka-na-gril-panel-pri-pokupke-indukcionnoj-paneli-haier?from=hub
Скидки до -50%;https://www.mvideo.ru/promo/skidki-na-aksessuary-dlya-kuhni-tefal?from=hub
Скидка 30% на термосы и термокружки;https://www.mvideo.ru/promo/skidka-na-termosy-i-termokruzhki-pri-pokupke-chajnika?from=hub
Кешбэк 100% на посуду термосы и кронштейны;https://www.mvideo.ru/promo/keshbek-100-na-aksessuary-pri-pokupke-tehniki-mark207301846?from=hub
Выгода до 105 000 ₽ на ноутбуки MSI;https://www.mvideo.ru/promo/vygoda-na-noutbuki-msi?from=hub
Выгодная цена;https://www.mvideo.ru/products/pogruzhnoi-blender-braun-hb701ai-mq7035x-4172544?from=hub
Скидки до 50% на технику для кухни;https://www.mvideo.ru/promo/skidki-na-tekhniku-dlya-kuhni?from=hub
Новинки Samsung Galaxy;https://www.mvideo.ru/promo/novinki-samsung-galaxy?from=hub
Каскад скидок до 30%;https://www.mvideo.ru/promo/kaskad-skidok-na-posudu-i-prinadlezhnosti-dlya-kuhni?from=hub
Скидки до 15% по промокоду на компьютерное кресло;https://www.mvideo.ru/promo/skidki-po-promokodu-na-kompyuternoe-kreslo?from=hub
Скидки до 20% на DeLonghi;https://www.mvideo.ru/promo/delonghi-skidka-do-20?from=hub
Уже в продаже;https://www.mvideo.ru/promo/dreame-airstyle?from=hub
Выгода до 30 000 ₽;https://www.mvideo.ru/promo/samsung-galaxy-s24?from=hub
Скидки до 30% по промокоду;https://www.mvideo.ru/promo/skidki-po-promokodu-na-akczionnye-tovary?from=hub
Скидка 57% на кухонную машину Kenwood;https://www.mvideo.ru/promo/skidka-na-kuhonuyu-mashinu-kenwood?from=hub
Скидки до 30%;https://www.mvideo.ru/promo/skidki-do-30-procentov-na-stiralnye-sushilnye-mashiny?from=hub
Скидки на холодильники;https://www.mvideo.ru/promo/skidki-na-holodilniki-mark197995890?from=hub
Скидка на утюг Braun;https://www.mvideo.ru/promo/skidka-na-utyug-braun?from=hub
Новые кофемашины DeLonghi Rivelia;https://www.mvideo.ru/promo/novye-kofemashiny-delonghi-rivelia?from=hub
Скидки по промокоду онлайн;https://www.mvideo.ru/promo/skidki-po-promokodu-online?from=hub
Скидки до 50% на эпиляторы;https://www.mvideo.ru/promo/skidki-na-epilyatory-i-kosmeticheskie-pribory-rowenta?from=hub
Скидка 10% на телевизоры;https://www.mvideo.ru/promo/skidka-na-televizory-dlya-yuridicheskih-lic?from=hub
Покупай Galaxy S24 FE;https://www.mvideo.ru/promo/novyj-smartfon-samsung-galaxy-s24-fe-i-naushniki-v-podarok?from=hub
Успей купить!;https://www.mvideo.ru/promo/honor-200-lite?from=hub
Время согреться;https://www.mvideo.ru/promo/tovary-i-aksessuary-dlya-chaya?from=hub
Холодильники Samsung;https://www.mvideo.ru/promo/samsung-bespoke-rf9000?from=hub
Услуга «Закажи и забери» в М.Видео;https://www.mvideo.ru/pickup?from=hub
Игра уже в продаже;https://www.mvideo.ru/promo/novaya-ea-sports-fc?from=hub
Инструменты и садовая техника;https://www.mvideo.ru/promo/instrumenty-i-sadovaya-tekhnika?from=hub
Старт продаж смартфона vivo V40;https://www.mvideo.ru/promo/start-prodazh-smartfona-vivo?from=hub
Уже в продаже;https://www.mvideo.ru/promo/soundbar-tcl-q75h?from=hub
Скидки на комплект;https://www.mvideo.ru/promo/skidki-na-stiralnuyu-i-sushilnuyu-mashiny-hotpoint-pri-pokupke-v-komplekte?from=hub
Новинка HONOR Magic V3;https://www.mvideo.ru/promo/novyj-raskladnoj-smartfon-honor-magic-v3?from=hub
Уже в продаже;https://www.mvideo.ru/promo/smartfoni-iqoo?from=hub
Кешбэк 100%;https://www.mvideo.ru/promo/stoprocentnyj-keshbek-pri-pokupke-cifrovyh-aksessuarov?from=hub
Зубная щётка в подарок;https://www.mvideo.ru/promo/zubnaya-shchyotka-v-podarok-pri-pokupke-maloj-bytovoj-tekhniki?from=hub
Терморегулятор Sber;https://www.mvideo.ru/promo/termoregulyator-sber?from=hub
Новинка;https://www.mvideo.ru/promo/novinka-yandex-tv-stanciya-bejsik?from=hub
Выгода до 30%;https://www.mvideo.ru/promo/tekhnika-dlya-ukladki-rowenta-tresor?from=hub
Предзаказ новинок от Apple открыт!;https://www.mvideo.ru/promo/novie-macbook-i-ipad?from=hub
Скидка 20% на геймпад;https://www.mvideo.ru/promo/skidka-na-kontroller-pri-pokupke-konsoli-nintendo-switch?from=hub
Распахни воображение;https://www.mvideo.ru/promo/smartfony-samsung-galaxy-z-fold6-i-z-flip6-s-podarkom-za-pokupku-na-vybor?from=hub
Смартфон Honor Magic6 Pro;https://www.mvideo.ru/promo/honor-magic-6-pro?from=hub
Срочная доставка;https://www.mvideo.ru/promo/srochnaya-dostavka-v-den-oformleniya-zakaza?from=hub
Сковороды Tefal;https://www.mvideo.ru/promo/skovorody-tefal?from=hub
6 месяцев подписки Okko в подарок;https://www.mvideo.ru/promo/okko-v-podarok-pri-pokupke-aksessuara?from=hub
Чёрная Пятница;https://www.mvideo.ru/promo/chernaya-pyatnica-skidki-do-80-na-servisy-mark209063687?from=hub
Скидки до 23%;https://www.mvideo.ru/promo/skidki-na-televizory-tcl?from=hub
Выгода до 17 000 ₽ на планшеты Samsung Galaxy Tab;https://www.mvideo.ru/promo/vygoda-na-planshety-samsung-galaxy-tab?from=hub
Скидка 20% на контроллер;https://www.mvideo.ru/promo/skidka-na-kontroller-pri-pokupke-konsoli-xbox?from=hub
Чистота на наших полках;https://www.mvideo.ru/promo/novye-chistyashchie-sredstva-wonder-lab?from=hub
Новинка;https://www.mvideo.ru/promo/novye-myshi-i-klaviatury-ot-logitech?from=hub
Деньги на карту;https://www.mvideo.ru/info/kreditno-strahovoj-otdel-zajmy-i-direct-pay?from=hub
Скидка 50% на Яндекс Плюс;https://www.mvideo.ru/promo/skidka-50-na-yandeks-plus-pri-pokupke-lubyh-tovarov-yandex?from=hub
Скидка 30% на второй;https://www.mvideo.ru/promo/skidka-na-vtoroj-ili-na-tretij-tovar-brenda-casarte?from=hub
Акустические системы Admiral;https://www.mvideo.ru/promo/akusticheskie-sistemy-admiral?from=hub
Уже в продаже;https://www.mvideo.ru/promo/tecno-phantom-v-fold2-v-flip2?from=hub
Уже в продаже;https://www.mvideo.ru/promo/samsung-bespoke-jet?from=hub
Скидки до 33%;https://www.mvideo.ru/promo/skidki-na-pylesosy-samsung?from=hub
Sony PlayStation 5 в подарок;https://www.mvideo.ru/promo/igrovaya-konsol-sony-playstation-5-v-podarok-pri-pokupke-televizora-tcl?from=hub
HUAWEI Watch GT 5 и GT 5 Pro;https://www.mvideo.ru/promo/huawei-watch-gt-5-pro?from=hub
Скидки до 50% на пылесосы Tefal;https://www.mvideo.ru/promo/skidki-na-pylesosy-tefal?from=hub
Скидка 50% на подписку Okko;https://www.mvideo.ru/promo/skidka-na-podpisku-okko-pri-pokupke-v-komplekte?from=hub
Смартфоны realme 13|13+ 5G;https://www.mvideo.ru/promo/realme-13-5g?from=hub
Скидка 50% на ItHelper+GPT;https://www.mvideo.ru/promo/skidka-na-specializirovannoe-po-ithelper-gpt-pri-pokupke-smartfona?from=hub
Скидки до 40%;https://www.mvideo.ru/promo/skidki-na-tekhniki-kitfort?from=hub
Мультистайлер Keune;https://www.mvideo.ru/promo/multistajler-keune?from=hub
Cмарт-часы Samsung Galaxy Watch7;https://www.mvideo.ru/promo/vygoda-na-smart-chasy-samsung-galaxy-watch7?from=hub
Недели Machcreator;https://www.mvideo.ru/promo/nedeli-machcreator?from=hub
Уже в продаже;https://www.mvideo.ru/promo/xiaomi-redmi-14c?from=hub
Cкидки и подарки;https://www.mvideo.ru/promo/skidki-i-podarki-ot-huawei?from=hub
Видеоигра Call of Duty: Black Ops 6;https://www.mvideo.ru/promo/call-of-duty-black-ops-6?from=hub
Скидка 25% по промокоду на технику CARRERA;https://www.mvideo.ru/promo/skidka-po-promokodu-na-tekhniku-carrera?from=hub
Смартфон HONOR X7c;https://www.mvideo.ru/promo/honor-x7c?from=hub
Скидки до 40% на видеорегистраторы Digma;https://www.mvideo.ru/promo/videoregistratory-digma?from=hub
Уже в продаже;https://www.mvideo.ru/promo/yandex-stanciya-mini-3?from=hub
Скидки до 20% на умные ТВ-приставки;https://www.mvideo.ru/promo/skidki-na-umnye-tv-pristavki-sberbox-v-chyornuyu-pyatnicu?from=hub
Выгода до 10 000 ₽;https://www.mvideo.ru/promo/xiaomi-14-trade-in?from=hub
Скидка 50% на саундбар;https://www.mvideo.ru/promo/skidka-na-saundbar-pri-pokupke-tv-tcl?from=hub
Уже в продаже;https://www.mvideo.ru/promo/osio-cyberline?from=hub
Скидки на смартфоны Samsung Galaxy A-серии;https://www.mvideo.ru/promo/skidki-na-smartfon-samsung-galaxy-a-serii-v-chyornuyu-pyatnicu?from=hub
Скидки на стиральные и сушильные машины Indesit;https://www.mvideo.ru/promo/skidki-na-stiralnie-i-sushilnie-mashini-indesit?from=hub
Чёрная Пятница с Faber;https://www.mvideo.ru/promo/chyornaya-pyatnica-s-faber?from=hub
Скидка 25%;https://www.mvideo.ru/promo/skidka-na-lazerniy-videoproektor-hisense?from=hub
Скидка 50% на третий аксессуар;https://www.mvideo.ru/promo/skidka-na-tretiy-aksessuar?from=hub
Скидки до 40%;https://www.mvideo.ru/promo/skidki-na-tekhniky-po-ukhody-za-odezhdoj-tefal?from=hub
Уже в продаже;https://www.mvideo.ru/promo/tecno-camon-30s-30s-pro?from=hub
Скидки до 60% на посуду Tefal;https://www.mvideo.ru/promo/skidki-na-posudy-tefal?from=hub
Уже в продаже;https://www.mvideo.ru/promo/ps5pro?from=hub
Наушники в подарок;https://www.mvideo.ru/promo/naushniki-v-podarok-pri-pokupke-smart-chasov-huawei?from=hub
Samsung Bespoke AI;https://www.mvideo.ru/promo/samsung-bespoke-ai?from=hub
Пылесос Dreame Z40 Station;https://www.mvideo.ru/promo/dreame-z40-station?from=hub
Tecno x M.Game;https://www.mvideo.ru/promo/mgame-i-tecno-na-red-expo?from=hub
Пылесос в подарок;https://www.mvideo.ru/promo/pylesos-v-podarok-pri-pokupke-holodilnika-lex?from=hub
Товары выходного дня;https://www.mvideo.ru/promo/daily-star?from=hub
Новые умные устройства Яндекса;https://www.mvideo.ru/promo/novye-umnye-ustrojstva-yandex?from=hub
Выгода до 40 000 ₽ на технику HONOR;https://www.mvideo.ru/promo/vygoda-na-tekhniku-honor?from=hub
Скидки на технику Hisense;https://www.mvideo.ru/promo/skidki-na-tekhniku-hisense?from=hub
Чёрная Пятница;https://www.mvideo.ru/promo/skidki-na-umnye-kolonki-sber-v-chyornuyu-pyatnicu?from=hub
Скидки до 45%;https://www.mvideo.ru/promo/skidki-na-elektricheskie-zubnye-shchyotki-oral-b?from=hub
Чёрная Пятница;https://www.mvideo.ru/promo/skidki-na-televizory-samsung-v-chyornuyu-pyatnicu?from=hub
Выгода 10 000 ₽;https://www.mvideo.ru/promo/honor-200-200-pro?from=hub
Новинка;https://www.mvideo.ru/promo/sintezatory-marumo?from=hub
М.Комбо;https://www.mvideo.ru/mcombo?from=hub
Лучшая цена;https://www.mvideo.ru/promo/luchshaya-cena?from=hub
Выгода 1 000 ₽ на офисное приложение P7 «Для дома»;https://www.mvideo.ru/promo/vygoda-na-ofisnoe-prilozhenie-r7-dlya-doma?from=hub
Чёрная пятница;https://www.mvideo.ru/promo/skidki-na-tekhniku-dreame-v-chyornuyu-pyatnicu?from=hub
Скидки до 30% на комплект Kaspersky и МойОфис;https://www.mvideo.ru/promo/skidki-na-komplekt-kaspersky-i-mojofis-pri-pokupke-tekhniki?from=hub
Выгода до 20 000 ₽ по трейд-ин;https://www.mvideo.ru/promo/vygoda-po-treid-in-na-smartfony-honor?from=hub
Скидки до 17% на игровые кресла Cougar;https://www.mvideo.ru/promo/skidki-na-igrovie-kresla-cougar?from=hub
Скидка до 30% на портативную акустику Hyundai;https://www.mvideo.ru/promo/skidka-na-portativnuyu-akustiku-hyundai?from=hub
Скидки до 22% на холодильники Samsung;https://www.mvideo.ru/promo/skidki-na-holodilniki-samsung?from=hub
Недели Samsung;https://www.mvideo.ru/promo/nedeli-samsung?from=hub
Уже в продаже;https://www.mvideo.ru/promo/samsung-mw7300?from=hub
Выгода на зубные щётки Swiss Diamond;https://www.mvideo.ru/promo/zubnaya-shchyotka-swiss-diamond?from=hub
Подарки на технику HUAWEI;https://www.mvideo.ru/promo/podarki-na-tekhniku-brenda-huawei?from=hub
Скидки на технику Hisense;https://www.mvideo.ru/promo/skidki-na-tekhniku-hisense?from=hub
Электрическая зубная щётка и ирригатор Revyline;https://www.mvideo.ru/promo/skidka-na-komplekt-iz-elektricheskoy-zubnoj-shchyotki-i-irrigatora-revyline?from=hub
Выгодное предложение на новогодние товары;https://www.mvideo.ru/promo/skidki-na-novogodnie-tovary?from=hub
Новинка: фен Laifen MINI;https://www.mvideo.ru/promo/novinka-fen-laifen-mini?from=hub
Недели Gorenje;https://www.mvideo.ru/promo/nedeli-gorenje?from=hub
Скидки до 30%;https://www.mvideo.ru/promo/skidki-na-mikrovolnovye-pechi-samsung?from=hub
Деньги на карту;https://www.mvideo.ru/info/kreditno-strahovoj-otdel-zajmy-i-direct-pay?from=hub
30 дней кино и сериалов за 2 ₽;https://www.mvideo.ru/promo/bolshoi-rozigrysh-yandeks-plyus?from=hub
Зубная щётка в подарок;https://www.mvideo.ru/promo/zubnaya-shchyotka-v-podarok-pri-pokupke-maloj-bytovoj-tekhniki?from=hub
Техника Bosch;https://www.mvideo.ru/promo/tekhnika-bosch?from=hub
Смартфон Apple iPhone 16;https://www.mvideo.ru/promo/apple-iphone-16-series?from=hub
Товар за 1 ₽;https://www.mvideo.ru/promo/tovar-za-1-rubl-pri-pokupke-yandex-plyus-na-36-mesyacev?from=hub
Подарочные карты;https://www.mvideo.ru/promo/podarochnye-karty?from=hub
Бытовая техника с выгодой;https://www.mvideo.ru/promo/skidka-na-komplekt-kbt?from=hub
Бонусные Рубли в подарок;https://www.mvideo.ru/promo/mobileapp?from=hub
Рассрочка 0-0-10 + Выгода до 8%;https://www.mvideo.ru/promo/akciya-rassrochka-mark199208912?from=hub
Благотворительная акция «Шары добра»;https://www.mvideo.ru/promo/shar-dobra?from=hub
Без процентов. Без переплат. 18 месяцев.;https://www.mvideo.ru/promo/rassrochka-18-mesyacev-na-akcionnye-tovary?from=hub
Покупай быстро плати медленно;https://www.mvideo.ru/promo/bez-pervogo-vznosa?from=hub
Кешбэк 5%;https://www.mvideo.ru/promo/keshbek-pri-oplate-cherez-sistemu-bystryh-platezhej?from=hub
Большой розыгрыш;https://www.mvideo.ru/promo/bolshoi-rozigrysh-sber?from=hub
Чёрная Пятница;https://www.mvideo.ru/promo/bf?from=hub
Большой розыгрыш;https://www.mvideo.ru/promo/bolshoi-rozigrysh?from=hub
